"Data";"Hora (UTC)";"Temp. [Hora] (C)";"Umi. (%)";"Pressao (hPa)";"Vel. Vento (m/s)";"Dir. Vento (m/s)";"Nebulosidade (Decimos)";"Insolacao (h)";"Temp. Max. [Diaria] (h)";"Temp. Min. [Diaria] (h)";"Chuva [Diaria] (mm)"
"01/01/2026";"0000";"24,1";"68,0";"931,9";"3,6";"270,0";"0,0";"";"29,5";"";""
"01/01/2026";"0300";"";"";"";"";"";"";"";"";"";""
"01/01/2026";"0600";"";"";"";"";"";"";"";"";"";""
"01/01/2026";"0900";"";"";"";"";"";"";"";"";"";""
"01/01/2026";"1200";"24,4";"74,0";"931,0";"4,6";"290,0";"5,0";"";"";"22,0";"0,0"
"01/01/2026";"1500";"";"";"";"";"";"";"";"";"";""
"01/01/2026";"1800";"29,5";"53,0";"927,6";"6,7";"260,0";"0,0";"";"";"";""
"01/01/2026";"2100";"";"";"";"";"";"";"";"";"";""
"02/01/2026";"0000";"22,5";"91,0";"928,1";"2,1";"280,0";"0,0";"";"27,8";"";""
"02/01/2026";"0300";"";"";"";"";"";"";"";"";"";""
"02/01/2026";"0600";"";"";"";"";"";"";"";"";"";""
"02/01/2026";"0900";"";"";"";"";"";"";"";"";"";""
"02/01/2026";"1200";"23,0";"81,0";"928,0";"5,7";"290,0";"8,8";"";"";"21,3";"1,0"
"02/01/2026";"1500";"";"";"";"";"";"";"";"";"";""
"02/01/2026";"1800";"27,6";"63,0";"924,6";"6,2";"270,0";"3,8";"";"";"";""
"02/01/2026";"2100";"";"";"";"";"";"";"";"";"";""
"03/01/2026";"0000";"23,2";"79,0";"926,2";"3,6";"290,0";"7,5";"";"29,3";"";""
"03/01/2026";"0300";"";"";"";"";"";"";"";"";"";""
"03/01/2026";"0600";"";"";"";"";"";"";"";"";"";""
"03/01/2026";"0900";"";"";"";"";"";"";"";"";"";""
"03/01/2026";"1200";"23,9";"78,0";"927,8";"3,1";"300,0";"7,5";"";"";"20,9";"0,0"
"03/01/2026";"1500";"";"";"";"";"";"";"";"";"";""
"03/01/2026";"1800";"29,1";"56,0";"926,1";"4,6";"270,0";"6,3";"";"";"";""
"03/01/2026";"2100";"";"";"";"";"";"";"";"";"";""
"04/01/2026";"0000";"24,6";"72,0";"927,6";"2,6";"70,0";"0,0";"";"23,3";"";""
"04/01/2026";"0300";"";"";"";"";"";"";"";"";"";""
"04/01/2026";"0600";"";"";"";"";"";"";"";"";"";""
"04/01/2026";"0900";"";"";"";"";"";"";"";"";"";""
"04/01/2026";"1200";"21,3";"82,0";"931,4";"3,6";"160,0";"7,5";"";"";"21,2";"0,0"
"04/01/2026";"1500";"";"";"";"";"";"";"";"";"";""
"04/01/2026";"1800";"23,3";"66,0";"931,0";"4,6";"140,0";"0,0";"";"";"";""
"04/01/2026";"2100";"";"";"";"";"";"";"";"";"";""
"05/01/2026";"0000";"18,7";"84,0";"933,6";"4,6";"130,0";"10,0";"";"22,2";"";""
"05/01/2026";"0300";"";"";"";"";"";"";"";"";"";""
"05/01/2026";"0600";"";"";"";"";"";"";"";"";"";""
"05/01/2026";"0900";"";"";"";"";"";"";"";"";"";""
"05/01/2026";"1200";"19,4";"78,0";"935,1";"4,6";"110,0";"8,8";"";"";"17,2";"0,0"
"05/01/2026";"1500";"";"";"";"";"";"";"";"";"";""
"05/01/2026";"1800";"20,4";"76,0";"934,0";"5,1";"140,0";"8,8";"";"";"";""
"05/01/2026";"2100";"";"";"";"";"";"";"";"";"";""
"06/01/2026";"0000";"18,2";"84,0";"935,5";"5,7";"110,0";"0,0";"";"26,1";"";""
"06/01/2026";"0300";"";"";"";"";"";"";"";"";"";""
"06/01/2026";"0600";"";"";"";"";"";"";"";"";"";""
"06/01/2026";"0900";"";"";"";"";"";"";"";"";"";""
"06/01/2026";"1200";"19,3";"76,0";"936,1";"3,6";"80,0";"7,5";"";"";"17,4";"0,0"
"06/01/2026";"1500";"";"";"";"";"";"";"";"";"";""
"06/01/2026";"1800";"26,1";"52,0";"933,0";"2,1";"140,0";"8,8";"";"";"";""
"06/01/2026";"2100";"";"";"";"";"";"";"";"";"";""
"07/01/2026";"0000";"20,4";"81,0";"935,3";"3,1";"180,0";"7,5";"";"28,1";"";""
"07/01/2026";"0300";"";"";"";"";"";"";"";"";"";""
"07/01/2026";"0600";"";"";"";"";"";"";"";"";"";""
"07/01/2026";"0900";"";"";"";"";"";"";"";"";"";""
"07/01/2026";"1200";"22,9";"69,0";"935,7";"2,6";"50,0";"7,5";"";"";"18,5";"0,0"
"07/01/2026";"1500";"";"";"";"";"";"";"";"";"";""
"07/01/2026";"1800";"27,6";"46,0";"932,7";"4,6";"360,0";"8,8";"";"";"";""
"07/01/2026";"2100";"";"";"";"";"";"";"";"";"";""
"08/01/2026";"0000";"20,8";"89,0";"934,5";"1,5";"50,0";"2,5";"";"29,8";"";""
"08/01/2026";"0300";"";"";"";"";"";"";"";"";"";""
"08/01/2026";"0600";"";"";"";"";"";"";"";"";"";""
"08/01/2026";"0900";"";"";"";"";"";"";"";"";"";""
"08/01/2026";"1200";"25,2";"61,0";"934,9";"3,1";"340,0";"0,0";"";"";"18,5";"21,0"
"08/01/2026";"1500";"";"";"";"";"";"";"";"";"";""
"08/01/2026";"1800";"29,8";"41,0";"932,0";"3,1";"300,0";"0,0";"";"";"";""
"08/01/2026";"2100";"";"";"";"";"";"";"";"";"";""
"09/01/2026";"0000";"20,8";"85,0";"935,4";"1,0";"360,0";"8,8";"";"31,4";"";""
"09/01/2026";"0300";"";"";"";"";"";"";"";"";"";""
"09/01/2026";"0600";"";"";"";"";"";"";"";"";"";""
"09/01/2026";"0900";"";"";"";"";"";"";"";"";"";""
"09/01/2026";"1200";"26,0";"66,0";"935,2";"1,5";"130,0";"0,0";"";"";"19,6";"7,0"
"09/01/2026";"1500";"";"";"";"";"";"";"";"";"";""
"09/01/2026";"1800";"28,2";"59,0";"933,3";"5,7";"150,0";"7,5";"";"";"";""
"09/01/2026";"2100";"";"";"";"";"";"";"";"";"";""
"10/01/2026";"0000";"22,9";"78,0";"934,9";"3,1";"130,0";"6,3";"";"32,9";"";""
"10/01/2026";"0300";"";"";"";"";"";"";"";"";"";""
"10/01/2026";"0600";"";"";"";"";"";"";"";"";"";""
"10/01/2026";"0900";"";"";"";"";"";"";"";"";"";""
"10/01/2026";"1200";"27,6";"55,0";"934,5";"2,1";"350,0";"0,0";"";"";"20,7";"0,0"
"10/01/2026";"1500";"";"";"";"";"";"";"";"";"";""
"10/01/2026";"1800";"32,9";"34,0";"930,0";"2,1";"300,0";"7,5";"";"";"";""
"10/01/2026";"2100";"";"";"";"";"";"";"";"";"";""
"11/01/2026";"0000";"23,9";"74,0";"932,6";"4,1";"270,0";"6,3";"";"31,6";"";""
"11/01/2026";"0300";"";"";"";"";"";"";"";"";"";""
"11/01/2026";"0600";"";"";"";"";"";"";"";"";"";""
"11/01/2026";"0900";"";"";"";"";"";"";"";"";"";""
"11/01/2026";"1200";"26,8";"57,0";"932,8";"2,6";"310,0";"0,0";"";"";"20,5";"4,0"
"11/01/2026";"1500";"";"";"";"";"";"";"";"";"";""
"11/01/2026";"1800";"31,4";"35,0";"930,2";"4,1";"280,0";"3,8";"";"";"";""
"11/01/2026";"2100";"";"";"";"";"";"";"";"";"";""
"12/01/2026";"0000";"26,8";"63,0";"930,9";"3,6";"110,0";"0,0";"";"31,9";"";""
"12/01/2026";"0300";"";"";"";"";"";"";"";"";"";""
"12/01/2026";"0600";"";"";"";"";"";"";"";"";"";""
"12/01/2026";"0900";"";"";"";"";"";"";"";"";"";""
"12/01/2026";"1200";"28,3";"40,0";"933,0";"2,6";"350,0";"3,8";"";"";"20,9";"0,0"
"12/01/2026";"1500";"";"";"";"";"";"";"";"";"";""
"12/01/2026";"1800";"31,9";"34,0";"930,5";"2,1";"10,0";"6,3";"";"";"";""
"12/01/2026";"2100";"";"";"";"";"";"";"";"";"";""
"13/01/2026";"0000";"25,0";"77,0";"933,1";"3,1";"110,0";"5,0";"";"29,8";"";""
"13/01/2026";"0300";"";"";"";"";"";"";"";"";"";""
"13/01/2026";"0600";"";"";"";"";"";"";"";"";"";""
"13/01/2026";"0900";"";"";"";"";"";"";"";"";"";""
"13/01/2026";"1200";"19,6";"83,0";"936,5";"2,6";"50,0";"10,0";"";"";"20,1";"1,0"
"13/01/2026";"1500";"";"";"";"";"";"";"";"";"";""
"13/01/2026";"1800";"29,1";"37,0";"932,4";"4,1";"290,0";"0,0";"";"";"";""
"13/01/2026";"2100";"";"";"";"";"";"";"";"";"";""
"14/01/2026";"0000";"19,3";"81,0";"935,9";"4,6";"60,0";"7,5";"";"27,5";"";""
"14/01/2026";"0300";"";"";"";"";"";"";"";"";"";""
"14/01/2026";"0600";"";"";"";"";"";"";"";"";"";""
"14/01/2026";"0900";"";"";"";"";"";"";"";"";"";""
"14/01/2026";"1200";"25,1";"65,0";"935,5";"1,0";"220,0";"0,0";"";"";"19,1";"7,0"
"14/01/2026";"1500";"";"";"";"";"";"";"";"";"";""
"14/01/2026";"1800";"26,9";"51,0";"932,6";"3,6";"70,0";"8,8";"";"";"";""
"14/01/2026";"2100";"";"";"";"";"";"";"";"";"";""
"15/01/2026";"0000";"21,0";"76,0";"934,4";"3,1";"80,0";"7,5";"";"28,3";"";""
"15/01/2026";"0300";"";"";"";"";"";"";"";"";"";""
"15/01/2026";"0600";"";"";"";"";"";"";"";"";"";""
"15/01/2026";"0900";"";"";"";"";"";"";"";"";"";""
"15/01/2026";"1200";"24,8";"70,0";"935,1";"2,1";"250,0";"5,0";"";"";"19,4";"0,4"
"15/01/2026";"1500";"";"";"";"";"";"";"";"";"";""
"15/01/2026";"1800";"25,8";"54,0";"932,8";"5,7";"30,0";"7,5";"";"";"";""
"15/01/2026";"2100";"";"";"";"";"";"";"";"";"";""
"16/01/2026";"0000";"19,7";"98,0";"935,9";"2,1";"60,0";"8,8";"";"28,6";"";""
"16/01/2026";"0300";"";"";"";"";"";"";"";"";"";""
"16/01/2026";"0600";"";"";"";"";"";"";"";"";"";""
"16/01/2026";"0900";"";"";"";"";"";"";"";"";"";""
"16/01/2026";"1200";"22,9";"69,0";"934,8";"1,0";"300,0";"8,8";"";"";"19,5";"29,0"
"16/01/2026";"1500";"";"";"";"";"";"";"";"";"";""
"16/01/2026";"1800";"28,0";"51,0";"931,7";"1,5";"350,0";"7,5";"";"";"";""
"16/01/2026";"2100";"";"";"";"";"";"";"";"";"";""
"17/01/2026";"0000";"21,0";"90,0";"933,8";"2,1";"70,0";"0,0";"";"27,8";"";""
"17/01/2026";"0300";"";"";"";"";"";"";"";"";"";""
"17/01/2026";"0600";"";"";"";"";"";"";"";"";"";""
"17/01/2026";"0900";"";"";"";"";"";"";"";"";"";""
"17/01/2026";"1200";"22,8";"67,0";"932,4";"2,6";"340,0";"7,5";"";"";"18,9";"2,0"
"17/01/2026";"1500";"";"";"";"";"";"";"";"";"";""
"17/01/2026";"1800";"27,8";"53,0";"929,3";"3,1";"270,0";"8,8";"";"";"";""
"17/01/2026";"2100";"";"";"";"";"";"";"";"";"";""
"18/01/2026";"0000";"20,6";"95,0";"930,6";"0,5";"50,0";"10,0";"";"27,0";"";""
"18/01/2026";"0300";"";"";"";"";"";"";"";"";"";""
"18/01/2026";"0600";"";"";"";"";"";"";"";"";"";""
"18/01/2026";"0900";"";"";"";"";"";"";"";"";"";""
"18/01/2026";"1200";"23,5";"67,0";"930,3";"4,1";"330,0";"8,8";"";"";"20,5";"9,0"
"18/01/2026";"1500";"";"";"";"";"";"";"";"";"";""
"18/01/2026";"1800";"25,6";"60,0";"926,7";"8,2";"270,0";"0,0";"";"";"";""
"18/01/2026";"2100";"";"";"";"";"";"";"";"";"";""
"19/01/2026";"0000";"23,8";"67,0";"926,6";"1,5";"10,0";"7,5";"";"24,7";"";""
"19/01/2026";"0300";"";"";"";"";"";"";"";"";"";""
"19/01/2026";"0600";"";"";"";"";"";"";"";"";"";""
"19/01/2026";"0900";"";"";"";"";"";"";"";"";"";""
"19/01/2026";"1200";"20,9";"85,0";"928,0";"3,1";"290,0";"7,5";"";"";"20,1";"0,0"
"19/01/2026";"1500";"";"";"";"";"";"";"";"";"";""
"19/01/2026";"1800";"21,7";"75,0";"927,4";"6,7";"240,0";"10,0";"";"";"";""
"19/01/2026";"2100";"";"";"";"";"";"";"";"";"";""
"20/01/2026";"0000";"17,9";"91,0";"930,3";"4,1";"150,0";"10,0";"";"21,3";"";""
"20/01/2026";"0300";"";"";"";"";"";"";"";"";"";""
"20/01/2026";"0600";"";"";"";"";"";"";"";"";"";""
"20/01/2026";"0900";"";"";"";"";"";"";"";"";"";""
"20/01/2026";"1200";"18,3";"66,0";"933,3";"5,1";"160,0";"10,0";"";"";"16,9";"3,0"
"20/01/2026";"1500";"";"";"";"";"";"";"";"";"";""
"20/01/2026";"1800";"21,1";"66,0";"932,3";"5,1";"150,0";"6,3";"";"";"";""
"20/01/2026";"2100";"";"";"";"";"";"";"";"";"";""
"21/01/2026";"0000";"16,2";"85,0";"934,4";"5,1";"110,0";"8,8";"";"18,6";"";""
"21/01/2026";"0300";"";"";"";"";"";"";"";"";"";""
"21/01/2026";"0600";"";"";"";"";"";"";"";"";"";""
"21/01/2026";"0900";"";"";"";"";"";"";"";"";"";""
"21/01/2026";"1200";"18,3";"78,0";"934,5";"5,7";"110,0";"0,0";"";"";"15,8";"0,2"
"21/01/2026";"1500";"";"";"";"";"";"";"";"";"";""
"21/01/2026";"1800";"17,5";"85,0";"933,9";"4,6";"150,0";"10,0";"";"";"";""
"21/01/2026";"2100";"";"";"";"";"";"";"";"";"";""
"22/01/2026";"0000";"17,1";"72,0";"934,9";"5,1";"110,0";"8,8";"";"20,0";"";""
"22/01/2026";"0300";"";"";"";"";"";"";"";"";"";""
"22/01/2026";"0600";"";"";"";"";"";"";"";"";"";""
"22/01/2026";"0900";"";"";"";"";"";"";"";"";"";""
"22/01/2026";"1200";"18,6";"73,0";"934,8";"4,1";"140,0";"6,3";"";"";"16,4";"0,0"
"22/01/2026";"1500";"";"";"";"";"";"";"";"";"";""
"22/01/2026";"1800";"18,8";"86,0";"933,3";"4,1";"140,0";"10,0";"";"";"";""
"22/01/2026";"2100";"";"";"";"";"";"";"";"";"";""
"23/01/2026";"0000";"17,0";"77,0";"934,9";"3,1";"130,0";"7,5";"";"24,8";"";""
"23/01/2026";"0300";"";"";"";"";"";"";"";"";"";""
"23/01/2026";"0600";"";"";"";"";"";"";"";"";"";""
"23/01/2026";"0900";"";"";"";"";"";"";"";"";"";""
"23/01/2026";"1200";"20,0";"82,0";"934,4";"2,6";"110,0";"8,8";"";"";"16,8";"0,0"
"23/01/2026";"1500";"";"";"";"";"";"";"";"";"";""
"23/01/2026";"1800";"23,8";"66,0";"933,0";"5,7";"150,0";"5,0";"";"";"";""
"23/01/2026";"2100";"";"";"";"";"";"";"";"";"";""
"24/01/2026";"0000";"19,1";"86,0";"934,2";"4,1";"120,0";"7,5";"";"22,8";"";""
"24/01/2026";"0300";"";"";"";"";"";"";"";"";"";""
"24/01/2026";"0600";"";"";"";"";"";"";"";"";"";""
"24/01/2026";"0900";"";"";"";"";"";"";"";"";"";""
"24/01/2026";"1200";"20,5";"79,0";"935,2";"2,6";"90,0";"6,3";"";"";"18,4";"0,0"
"24/01/2026";"1500";"";"";"";"";"";"";"";"";"";""
"24/01/2026";"1800";"22,0";"70,0";"933,4";"3,6";"130,0";"6,3";"";"";"";""
"24/01/2026";"2100";"";"";"";"";"";"";"";"";"";""
"25/01/2026";"0000";"19,8";"97,0";"935,3";"3,1";"160,0";"7,5";"";"27,1";"";""
"25/01/2026";"0300";"";"";"";"";"";"";"";"";"";""
"25/01/2026";"0600";"";"";"";"";"";"";"";"";"";""
"25/01/2026";"0900";"";"";"";"";"";"";"";"";"";""
"25/01/2026";"1200";"21,9";"80,0";"936,6";"2,6";"70,0";"7,5";"";"";"18,9";"0,1"
"25/01/2026";"1500";"";"";"";"";"";"";"";"";"";""
"25/01/2026";"1800";"24,8";"71,0";"933,8";"5,1";"130,0";"5,0";"";"";"";""
"25/01/2026";"2100";"";"";"";"";"";"";"";"";"";""
"26/01/2026";"0000";"19,6";"85,0";"936,7";"2,1";"80,0";"5,0";"";"27,4";"";""
"26/01/2026";"0300";"";"";"";"";"";"";"";"";"";""
"26/01/2026";"0600";"";"";"";"";"";"";"";"";"";""
"26/01/2026";"0900";"";"";"";"";"";"";"";"";"";""
"26/01/2026";"1200";"21,7";"66,0";"936,8";"2,1";"90,0";"0,0";"";"";"17,2";"22,0"
"26/01/2026";"1500";"";"";"";"";"";"";"";"";"";""
"26/01/2026";"1800";"27,1";"57,0";"934,4";"3,1";"160,0";"5,0";"";"";"";""
"26/01/2026";"2100";"";"";"";"";"";"";"";"";"";""
"27/01/2026";"0000";"21,8";"81,0";"936,7";"4,1";"140,0";"7,5";"";"30,2";"";""
"27/01/2026";"0300";"";"";"";"";"";"";"";"";"";""
"27/01/2026";"0600";"";"";"";"";"";"";"";"";"";""
"27/01/2026";"0900";"";"";"";"";"";"";"";"";"";""
"27/01/2026";"1200";"21,0";"83,0";"937,1";"3,1";"60,0";"7,5";"";"";"19,3";"0,0"
"27/01/2026";"1500";"";"";"";"";"";"";"";"";"";""
"27/01/2026";"1800";"28,1";"58,0";"933,0";"3,1";"180,0";"7,5";"";"";"";""
"27/01/2026";"2100";"";"";"";"";"";"";"";"";"";""
"28/01/2026";"0000";"21,8";"85,0";"934,8";"3,6";"80,0";"0,0";"";"29,1";"";""
"28/01/2026";"0300";"";"";"";"";"";"";"";"";"";""
"28/01/2026";"0600";"";"";"";"";"";"";"";"";"";""
"28/01/2026";"0900";"";"";"";"";"";"";"";"";"";""
"28/01/2026";"1200";"23,8";"74,0";"935,6";"2,1";"110,0";"0,0";"";"";"19,1";"28,0"
"28/01/2026";"1500";"";"";"";"";"";"";"";"";"";""
"28/01/2026";"1800";"28,8";"47,0";"932,4";"4,1";"250,0";"8,8";"";"";"";""
"28/01/2026";"2100";"";"";"";"";"";"";"";"";"";""
"29/01/2026";"0000";"22,3";"78,0";"935,4";"1,0";"340,0";"3,8";"";"29,1";"";""
"29/01/2026";"0300";"";"";"";"";"";"";"";"";"";""
"29/01/2026";"0600";"";"";"";"";"";"";"";"";"";""
"29/01/2026";"0900";"";"";"";"";"";"";"";"";"";""
"29/01/2026";"1200";"23,5";"59,0";"934,7";"4,1";"290,0";"0,0";"";"";"18,4";"0,0"
"29/01/2026";"1500";"";"";"";"";"";"";"";"";"";""
"29/01/2026";"1800";"27,7";"52,0";"931,2";"3,6";"280,0";"6,3";"";"";"";""
"29/01/2026";"2100";"";"";"";"";"";"";"";"";"";""
"30/01/2026";"0000";"22,0";"80,0";"931,9";"3,1";"90,0";"5,0";"";"25,8";"";""
"30/01/2026";"0300";"";"";"";"";"";"";"";"";"";""
"30/01/2026";"0600";"";"";"";"";"";"";"";"";"";""
"30/01/2026";"0900";"";"";"";"";"";"";"";"";"";""
"30/01/2026";"1200";"21,7";"79,0";"930,5";"2,1";"310,0";"3,8";"";"";"17,9";"2,0"
"30/01/2026";"1500";"";"";"";"";"";"";"";"";"";""
"30/01/2026";"1800";"24,5";"62,0";"927,5";"4,1";"290,0";"7,5";"";"";"";""
"30/01/2026";"2100";"";"";"";"";"";"";"";"";"";""
"31/01/2026";"0000";"19,5";"82,0";"928,8";"1,0";"280,0";"0,0";"";"27,4";"";""
"31/01/2026";"0300";"";"";"";"";"";"";"";"";"";""
"31/01/2026";"0600";"";"";"";"";"";"";"";"";"";""
"31/01/2026";"0900";"";"";"";"";"";"";"";"";"";""
"31/01/2026";"1200";"21,6";"83,0";"929,4";"3,1";"290,0";"7,5";"";"";"19,3";"0,0"
"31/01/2026";"1500";"";"";"";"";"";"";"";"";"";""
"31/01/2026";"1800";"26,8";"52,0";"927,2";"6,7";"270,0";"6,3";"";"";"";""
"31/01/2026";"2100";"";"";"";"";"";"";"";"";"";""